<?xml version="1.0" encoding="UTF-8"?>
<project-private xmlns="http://www.netbeans.org/ns/project-private/1">
    <editor-bookmarks xmlns="http://www.netbeans.org/ns/editor-bookmarks/2" lastBookmarkId="0"/>
    <open-files xmlns="http://www.netbeans.org/ns/projectui-open-files/2">
        <group>
            <file>file:/C:/Users/Utilizador/OneDrive%20-%20Universidade%20do%20Minho/LEGSI/2ANO/1ºsemestre/Programação%20com%20Objectos/projeto/Projeto_Interface/src/backend/Professor.java</file>
            <file>file:/C:/Users/Utilizador/OneDrive%20-%20Universidade%20do%20Minho/LEGSI/2ANO/1ºsemestre/Programação%20com%20Objectos/projeto/Projeto_Interface/src/backend/ListaAluno.java</file>
            <file>file:/C:/Users/Utilizador/OneDrive%20-%20Universidade%20do%20Minho/LEGSI/2ANO/1ºsemestre/Programação%20com%20Objectos/projeto/Projeto_Interface/src/backend/SumarioAula.java</file>
            <file>file:/C:/Users/Utilizador/OneDrive%20-%20Universidade%20do%20Minho/LEGSI/2ANO/1ºsemestre/Programação%20com%20Objectos/projeto/Projeto_Interface/src/backend/Administrador.java</file>
            <file>file:/C:/Users/Utilizador/OneDrive%20-%20Universidade%20do%20Minho/LEGSI/2ANO/1ºsemestre/Programação%20com%20Objectos/projeto/Projeto_Interface/src/frontend/Menu_Administrador.java</file>
            <file>file:/C:/Users/Utilizador/OneDrive%20-%20Universidade%20do%20Minho/LEGSI/2ANO/1ºsemestre/Programação%20com%20Objectos/projeto/Projeto_Interface/src/backend/ListaUC.java</file>
            <file>file:/C:/Users/Utilizador/OneDrive%20-%20Universidade%20do%20Minho/LEGSI/2ANO/1ºsemestre/Programação%20com%20Objectos/projeto/Projeto_Interface/src/frontend/Projeto_Interface.java</file>
            <file>file:/C:/Users/Utilizador/OneDrive%20-%20Universidade%20do%20Minho/LEGSI/2ANO/1ºsemestre/Programação%20com%20Objectos/projeto/Projeto_Interface/src/frontend/Menu_Professor.java</file>
            <file>file:/C:/Users/Utilizador/OneDrive%20-%20Universidade%20do%20Minho/LEGSI/2ANO/1ºsemestre/Programação%20com%20Objectos/projeto/Projeto_Interface/src/frontend/Menu_Regente.java</file>
            <file>file:/C:/Users/Utilizador/OneDrive%20-%20Universidade%20do%20Minho/LEGSI/2ANO/1ºsemestre/Programação%20com%20Objectos/projeto/Projeto_Interface/src/backend/Aluno.java</file>
            <file>file:/C:/Users/Utilizador/OneDrive%20-%20Universidade%20do%20Minho/LEGSI/2ANO/1ºsemestre/Programação%20com%20Objectos/projeto/Projeto_Interface/src/backend/ListaSumario.java</file>
            <file>file:/C:/Users/Utilizador/OneDrive%20-%20Universidade%20do%20Minho/LEGSI/2ANO/1ºsemestre/Programação%20com%20Objectos/projeto/Projeto_Interface/src/backend/ListaProfessores.java</file>
            <file>file:/C:/Users/Utilizador/OneDrive%20-%20Universidade%20do%20Minho/LEGSI/2ANO/1ºsemestre/Programação%20com%20Objectos/projeto/Projeto_Interface/src/backend/Curso.java</file>
            <file>file:/C:/Users/Utilizador/OneDrive%20-%20Universidade%20do%20Minho/LEGSI/2ANO/1ºsemestre/Programação%20com%20Objectos/projeto/Projeto_Interface/src/backend/ListaCursos.java</file>
            <file>file:/C:/Users/Utilizador/OneDrive%20-%20Universidade%20do%20Minho/LEGSI/2ANO/1ºsemestre/Programação%20com%20Objectos/projeto/Projeto_Interface/src/frontend/Menu_Diretor.java</file>
            <file>file:/C:/Users/Utilizador/OneDrive%20-%20Universidade%20do%20Minho/LEGSI/2ANO/1ºsemestre/Programação%20com%20Objectos/projeto/Projeto_Interface/src/backend/UnidadeCurricular.java</file>
        </group>
    </open-files>
</project-private>
